perfumeId,title
0,colonia acqua di parma
1,colonia futura acqua di parma
2,colonia pura acqua di parma
3,colonia intensa acqua di parma
4,colonia essenza acqua di parma
5,colonia club acqua di parma
6,bergamotto di calabria la spugnatura acqua di parma
7,arancia di capri acqua di parma
8,"italian lemon, italian bergamot, grapefruit acqua di parma"
9,fico di amalfi acqua di parma
10,cipresso di toscana acqua di parma
11,chinotto di liguria acqua di parma
12,mirto di panarea acqua di parma
13,bergamotto di calabria acqua di parma
14,mandorlo di sicilia acqua di parma
15,oud acqua di parma
16,leather acqua di parma
17,ambra acqua di parma
18,quercia acqua di parma
19,sandalo acqua di parma
20,vaniglia acqua di parma
21,yuzu acqua di parma
22,camelia acqua di parma
23,osmanthus acqua di parma
24,sakura acqua di parma
25,rosa nobile acqua di parma
26,peonia nobile acqua di parma
27,magnolia nobile acqua di parma
28,note di colonia i acqua di parma
29,note di colonia ii acqua di parma
30,note di colonia iii acqua di parma
31,note di colonia iv acqua di parma
32,note di colonia v acqua di parma
33,mixed emotions byredo
34,gypsy water byredo
35,bal d'afrique byredo
36,rose of no man's land byredo
37,blanche byredo
38,mojave ghost byredo
39,super cedar byredo
40,unnamed byredo
41,la tulipe byredo
42,bibliothèque byredo
43,1996 byredo
44,oud immortel byredo
45,eleventh hour byredo
46,mister marvelous byredo
47,casablanca lily byredo
48,sellier byredo
49,reine de nuit byredo
50,rose noir byredo
51,slow dance byredo
52,accord oud byredo
53,tobacco mandarin byredo
54,m/mink byredo
55,black saffron byredo
56,lil fleur byredo
57,inflorescence byredo
58,sunday cologne byredo
59,sundazed byredo
60,palermo byredo
61,pulp byredo
62,flowerhead byredo
63,velvet haze byredo
64,creed citrus bigarade creed
65,creed green neroli creed
66,creed zeste mandarine creed
67,creed iris tubéreuse creed
68,creed vetiver geranium creed
69,creed aventus creed
70,creed aventus cologne creed
71,creed green irish tweed creed
72,creed silver mountain water creed
73,creed millésime impérial creed
74,creed aventus for her creed
75,creed viking creed
76,creed royal oud creed
77,creed virgin island water creed
78,creed original vétiver creed
79,creed original santal creed
80,creed himalaya creed
81,creed royal mayfair creed
82,creed bois du portugal creed
83,creed tabarome millésime creed
84,creed erolfa creed
85,creed royal water creed
86,creed néroli sauvage creed
87,creed love in white creed
88,creed royal princess oud creed
89,creed spring flower creed
90,creed acqua fiorentina creed
91,creed floralie creed
92,creed love in white for summer creed
93,creed fleurissimo creed
94,creed love in black creed
95,creed fleurs de gardenia creed
96,creed jasmin impératrice eugénie creed
97,creed tubéreuse indiana creed
98,creed fantasia de fleurs creed
99,creed angelique encens creed
100,creed spice & wood creed
101,creed pure white cologne creed
102,creed jardin d'amalfi creed
103,creed sublime vanille creed
104,creed white flowers creed
105,creed white amber creed
106,l'eau des hespérides diptyque
107,l'eau de néroli eau de toilette diptyque
108,geranium odorata eau de toilette diptyque
109,vetyverio eau de toilette diptyque
110,lang-ylang diptyque
111,l'eau trois eau de toilette diptyque
112,tam dao eau de toilette diptyque
113,philosykos eau de toilette diptyque
114,oyédo eau de toilette diptyque
115,eau lente eau de toilette diptyque
116,ofrésia eau de toilette diptyque
117,eau de lierre eau de toilette diptyque
118,florabellio eau de toilette diptyque
119,l'eau eau de toilette diptyque
120,eau duelle eau de toilette diptyque
121,l'autre eau de toilette diptyque
122,eau rose eau de toilette diptyque
123,eau moheli eau de toilette diptyque
124,lang-ylang diptyque
125,eau des sens eau de toilette diptyque
126,l'ombre dans l'eau eau de toilette diptyque
127,olene eau de toilette diptyque
128,do son eau de toilette diptyque
129,fleur de peau eau de parfum diptyque
130,eau de minthé eau de parfum diptyque
131,eau capitale eau de parfum diptyque
132,tam dao eau de parfum diptyque
133,do son eau de parfum diptyque
134,oud palao eau de parfum diptyque
135,philosykos eau de parfum diptyque
136,vetyverio eau de parfum diptyque
137,volutes eau de parfum diptyque
138,l’ombre dans l’eau eau de parfum diptyque
139,eau duelle eau de parfum diptyque
140,tempo eau de parfum diptyque
141,154 jomalone
142,grapefruit jomalone
143,nectarine blossom & honey jomalone
144,dark amber & ginger lily jomalone
145,lime basil & mandarin jomalone
146,red roses jomalone
147,mayrrh & tonka jomalone
148,mimosa & cardamom jomalone
149,basil & neroli jomalone
150,vetiver & golden varilla jomalone
151,velvet rose & oud jomalone
152,blackberry & bay jomalone
153,amber & lavender jomalone
154,ily-of-the-valley jomalone
155,earlgrey & cucumber jomalone
156,oud & bergamot jomalone
157,orange blossom jomalone
158,wild bluebell jomalone
159,ily-of-the-valley jomalone
160,wood sage & sea salt jomalone
161,english oak & hazelnut jomalone
162,english pear & fressia jomalone
163,tuberose angelica jomalone
164,pomegranate noir jomalone
165,ily-of-the-valley jomalone
166,poppy & barley jomalone
167,peony & blushsuede jomalone
168,honeysuckle & davana jomalone
169,replica at the barber's maison margiela
170,replica beach walk maison margiela
171,replica bubble bath maison margiela
172,replica by the fireplace maison margiela
173,replica coffee break maison margiela
174,replica flower market maison margiela
175,replica jazz club maison margiela
176,replica lazy sunday morning maison margiela
177,replica matcha meditation maison margiela
178,replica music festival maison margiela
179,replica sailing day maison margiela
180,replica springtime in a park maison margiela
181,replica under the lemon trees maison margiela
182,replica whispers in the library maison margiela
183,acqua di s.m. novella santa maria novella
184,angeli di firenze santa maria novella
185,fresia santa maria novella
186,tabacco toscano santa maria novella
187,tabacco toscano santa maria novella
188,melograno santa maria novella
189,pot pourri santa maria novella
190,rosa santa maria novella
191,rosa novella santa maria novella
192,acqua di cuba santa maria novella
193,acqua di sicilia santa maria novella
194,alba di seoul santa maria novella
195,cala rossa santa maria novella
196,caprifoglio santa maria novella
197,cinquanta santa maria novella
198,eva santa maria novella
199,fieno santa maria novella
200,gardenia santa maria novella
201,gelsomino santa maria novella
202,ginestra santa maria novella
203,iris santa maria novella
204,lana santa maria novella
205,marescialla santa maria novella
206,mughetto santa maria novella
207,muschio santa maria novella
208,muschio oro santa maria novella
209,nostalgia santa maria novella
210,opoponax santa maria novella
211,patchouli santa maria novella
212,peau d'espagne santa maria novella
213,russa santa maria novella
214,sandalo santa maria novella
215,tuberosa santa maria novella
216,vaniglia santa maria novella
217,vetiver santa maria novella
218,zagara santa maria novella
219,lavanda imperiale santa maria novella
220,lavanda ambrata santa maria novella
221,eau triple lichen d'ecosse buly 1803
222,eclat d'arpege lanvin
223,lucky wish anna sui
224,ck all calvin klein
225,tacit aesop
226,incanto charms salvatore ferragamo
227,fig & lotus flower jo malone london
228,ck be calvin klein
229,daisy love marc jacobs
230,white musk the body shop
231,green tea elizabeth arden
232,coco mademoiselle chanel
233,good girl gone bad by kilian
234,chloe eau de parfum chloé
235,inlé memo paris
236,libre yves saint laurent
237,l’ile au thé annick goutal
238,pleasures estée lauder
239,amazing grace philosophy
240,lost cherry tom ford
241,eau des merveilles hermès
242,blue glow by jlo jennifer lopez
243,crush rihanna
244,l'eau par kenzo pour homme kenzo
245,omnia coral bvlgari
246,eclat d’arpège lanvin
247,le jardin de monsieur li hermès
248,warm cotton clean
249,jeanne lanvin lanvin
250,chanel no 5 l'eau chanel
251,musk pure tom ford
252,coco mademoiselle l'eau privée chanel
253,eclat d'arpege pour homme lanvin
254,ck one calvin klein
255,mon paris yves saint laurent
256,american cream lush
257,marry me lanvin
258,bamboo harmony by kilian
259,oud wood tom ford
260,oh lola! marc jacobs
261,espoir - hope ajne
262,amazing grace ballet rose philosophy
263,un jardin sur le nil hermès
264,burberry brit sheer burberry
265,chanel no 5 eau de parfum chanel
266,light blue dolce&gabbana
267,bright crystal versace
268,pansy lush
269,jimmy choo jimmy choo
270,baccarat rouge 540 maison francis kurkdjian
271,kenzo homme eau de parfum kenzo
272,ferrari light essence ferrari
273,blossom jimmy choo
274,frangipani lush
275,secret wish anna sui
276,oyedo diptyque
277,tuscan leather tom ford
278,orphéon diptyque
279,peng lai parfums berdoues
280,gransenbon givenchy
281,fleur de peau diptyque
282,waterlily cologne jomalone
283,chloe eau de perfume
284,rose goldea bvlgari
285,ck one gold calvin klein
286,coco noir chanel
287,alizarin penhaligon's
288,illicit flower jimmy choo
289,artisan john varvatos
290,grey vetiver tom ford
291,sweety gourmand argenia
292,mademoiselle rochas rochas
293,4711 acqua colonia blood orange & basil 4711
294,dirty lush
295,la vie de boheme anna sui
296,miss dior blooming bouquet christian dior
297,l'ombre dans l'eau de toilette diptyque
298,angels' share by kilian
299,baby tous
300,a la rose maison francis kurkdjian
301,philosykos diptyque
302,l'imperatrice limited edition dolce&gabbana
303,cool cotton clean
304,j'adore christian dior
305,kenzo pour homme kenzo
306,잔느 사마리의 초상 향기의미술관
307,white tea elizabeth arden
308,fantasia mermaid anna sui
309,ck one shock for her calvin klein
310,junk lush
311,flower by kenzo kenzo
312,dot comme des garcons
313,jasmin 17 le labo
314,bombshell dani mackenzie
315,paul smith rose paul smith
316,heiress paris hilton
317,hesperides atelier cologne
318,ikat jasmine aerin lauder
319,vanille solinotes
320,eclat d’arpège lanvin 
321,francois charles rance 1795
322,jasmin noir eau de toilette bvlgari
323,flight of fancy anna sui
324,레이디 고디바 향기의 미술관
325,nuit et confidences annick goutal
326,34 boulevard saint germain diptyque
327,venice beach parfums berdoues
328,ellenisia penhaligon's
329,gucci bloom gucci
330,eau de rhubarbe ecarlate hermès
331,tamarindo memo paris
332,the blanc solinotes
333,ferrari black ferrari
334,princess vera wang
335,artisan blu john varvatos
336,do son eau de toilette
337,modern princess lanvin
338,amber musk aerin lauder
339,lime basil & mandarin
340,somei yoshino parfums berdoues
341,twilly d’hermès hermès
342,eau triple venus de milo buly 1803
343,cotton blossom solinotes
344,orpheon diptyque
345,daisy marc jacobs
346,rumeur 2 rose lanvin
347,prada candy kiss prada
348,romantica exotica anna sui
349,wood sage & sea salt
350,lilas mauve yves rocher
351,love affair eisenberg
352,tamdao diptyque
353,pomelo jo loves
354,l'eau d'hiver frederic malle
355,petite cherie annick goutal
356,chance eau tendre eau de parfum chanel
357,do son diptyque
358,marc jacobs splash rain marc jacobs
359,still jinnifer lopez
360,dior addict 2 eau fraiche christian dior
361,b scent lush
362,prada candy l'eau prada
363,dolce peony dolce&gabbana
364,romantica anna sui
365,nectarine blossom & honey
366,valentino donna valentino
367,next to me ramon monegal
368,the noir 29 le labo
369,musc ravageur frederic malle
370,portrait of a lady frederic malle
371,cherry musk ramon monegal
372,fucking fabulous tom ford
373,lolita lempicka lolita lempicka
374,oud maison francis kurkdjian
375,fantasia anna sui
376,gabrielle chanel
377,what would love do lush
378,pomelo paradis atelier cologne
379,l’eau de toilette carven
380,la nuit de bohème anna sui
381,agar musk ramon monegal
382,rose jam rush
383,luna penhaligon's
384,misia eau de parfum chanel
385,white flowers creed
386,red rose jomalone
387,viva la juicy juicy couture
388,chance eau tendre chanel
389,은은한 비누 paffem
390,bergamote 22 le labo
391,my burberry burberry
392,flamenco ramon monegal
393,un jardin apres la mousson hermès
394,daisy dream marc jacobs
395,eau des sens diptyque
396,cloud ariana grande
397,chance eau de toilette chanel
398,rose 31 le labo
399,rose jam lush
400,ophelia james heeley
401,elisabethan rose 2018 penhaligon's
402,izia la nuit sisley
403,eau de magnolia frederic malle
404,skin & vanilla eau fraiche clean
405,l'eau de neroli diptyque
406,miss dior eau de toilette christian dior
407,bvlgari pour homme bvlgari
408,코튼허그 포맨트
409,ma bergamote fragonard
410,white shirts loe
411,miracle lancome
412,코튼키스 포맨트
413,omnia paraiba bvlgari
414,dalilight salvador dali
415,jimmy choo man jimmy choo
416,white musk l'eau the body shop
417,black orchid tom ford
418,j'adore in joy christian dior
419,jeanne lanvin
420,mat; homme masaki matsushima
421,velve orchid tom ford
422,jasmin perle de thé fragonard
423,white suede tom ford
424,rose solinotes
425,bel azur tory burch
426,velvet orchid tom ford
427,bitter peach tom ford
428,omnia amethyste bvlgari
429,rose prick tom ford
430,rose pompon eau de toilette annick goutal
